sexo;cabelo;olho
masculino;preto;preto
masculino;preto;preto
masculino;preto;preto
masculino;preto;preto
masculino;preto;preto
masculino;preto;preto
masculino;preto;preto
masculino;preto;preto
masculino;preto;preto
masculino;preto;preto
masculino;preto;preto
masculino;preto;preto
masculino;preto;preto
masculino;preto;preto
masculino;preto;preto
masculino;preto;preto
masculino;preto;preto
masculino;preto;preto
masculino;preto;preto
masculino;preto;preto
masculino;preto;preto
masculino;preto;preto
masculino;preto;preto
masculino;preto;preto
masculino;preto;preto
masculino;preto;preto
masculino;preto;preto
masculino;preto;preto
masculino;preto;preto
masculino;preto;preto
masculino;preto;preto
masculino;preto;preto
masculino;preto;azul
masculino;preto;azul
masculino;preto;azul
masculino;preto;azul
masculino;preto;azul
masculino;preto;azul
masculino;preto;azul
masculino;preto;azul
masculino;preto;azul
masculino;preto;azul
masculino;preto;azul
masculino;preto;castanho
masculino;preto;castanho
masculino;preto;castanho
masculino;preto;castanho
masculino;preto;castanho
masculino;preto;castanho
masculino;preto;castanho
masculino;preto;castanho
masculino;preto;castanho
masculino;preto;castanho
masculino;preto;verde
masculino;preto;verde
masculino;preto;verde
masculino;ruivo;preto
masculino;ruivo;preto
masculino;ruivo;preto
masculino;ruivo;preto
masculino;ruivo;preto
masculino;ruivo;preto
masculino;ruivo;preto
masculino;ruivo;preto
masculino;ruivo;preto
masculino;ruivo;preto
masculino;ruivo;preto
masculino;ruivo;preto
masculino;ruivo;preto
masculino;ruivo;preto
masculino;ruivo;preto
masculino;ruivo;preto
masculino;ruivo;preto
masculino;ruivo;preto
masculino;ruivo;preto
masculino;ruivo;preto
masculino;ruivo;preto
masculino;ruivo;preto
masculino;ruivo;preto
masculino;ruivo;preto
masculino;ruivo;preto
masculino;ruivo;preto
masculino;ruivo;preto
masculino;ruivo;preto
masculino;ruivo;preto
masculino;ruivo;preto
masculino;ruivo;preto
masculino;ruivo;preto
masculino;ruivo;preto
masculino;ruivo;preto
masculino;ruivo;preto
masculino;ruivo;preto
masculino;ruivo;preto
masculino;ruivo;preto
masculino;ruivo;preto
masculino;ruivo;preto
masculino;ruivo;preto
masculino;ruivo;preto
masculino;ruivo;preto
masculino;ruivo;preto
masculino;ruivo;preto
masculino;ruivo;preto
masculino;ruivo;preto
masculino;ruivo;preto
masculino;ruivo;preto
masculino;ruivo;preto
masculino;ruivo;preto
masculino;ruivo;preto
masculino;ruivo;preto
masculino;ruivo;azul
masculino;ruivo;azul
masculino;ruivo;azul
masculino;ruivo;azul
masculino;ruivo;azul
masculino;ruivo;azul
masculino;ruivo;azul
masculino;ruivo;azul
masculino;ruivo;azul
masculino;ruivo;azul
masculino;ruivo;azul
masculino;ruivo;azul
masculino;ruivo;azul
masculino;ruivo;azul
masculino;ruivo;azul
masculino;ruivo;azul
masculino;ruivo;azul
masculino;ruivo;azul
masculino;ruivo;azul
masculino;ruivo;azul
masculino;ruivo;azul
masculino;ruivo;azul
masculino;ruivo;azul
masculino;ruivo;azul
masculino;ruivo;azul
masculino;ruivo;azul
masculino;ruivo;azul
masculino;ruivo;azul
masculino;ruivo;azul
masculino;ruivo;azul
masculino;ruivo;azul
masculino;ruivo;azul
masculino;ruivo;azul
masculino;ruivo;azul
masculino;ruivo;azul
masculino;ruivo;azul
masculino;ruivo;azul
masculino;ruivo;azul
masculino;ruivo;azul
masculino;ruivo;azul
masculino;ruivo;azul
masculino;ruivo;azul
masculino;ruivo;azul
masculino;ruivo;azul
masculino;ruivo;azul
masculino;ruivo;azul
masculino;ruivo;azul
masculino;ruivo;azul
masculino;ruivo;azul
masculino;ruivo;azul
masculino;ruivo;castanho
masculino;ruivo;castanho
masculino;ruivo;castanho
masculino;ruivo;castanho
masculino;ruivo;castanho
masculino;ruivo;castanho
masculino;ruivo;castanho
masculino;ruivo;castanho
masculino;ruivo;castanho
masculino;ruivo;castanho
masculino;ruivo;castanho
masculino;ruivo;castanho
masculino;ruivo;castanho
masculino;ruivo;castanho
masculino;ruivo;castanho
masculino;ruivo;castanho
masculino;ruivo;castanho
masculino;ruivo;castanho
masculino;ruivo;castanho
masculino;ruivo;castanho
masculino;ruivo;castanho
masculino;ruivo;castanho
masculino;ruivo;castanho
masculino;ruivo;castanho
masculino;ruivo;castanho
masculino;ruivo;verde
masculino;ruivo;verde
masculino;ruivo;verde
masculino;ruivo;verde
masculino;ruivo;verde
masculino;ruivo;verde
masculino;ruivo;verde
masculino;ruivo;verde
masculino;ruivo;verde
masculino;ruivo;verde
masculino;ruivo;verde
masculino;ruivo;verde
masculino;ruivo;verde
masculino;ruivo;verde
masculino;ruivo;verde
masculino;castanho;preto
masculino;castanho;preto
masculino;castanho;preto
masculino;castanho;preto
masculino;castanho;preto
masculino;castanho;preto
masculino;castanho;preto
masculino;castanho;preto
masculino;castanho;preto
masculino;castanho;preto
masculino;castanho;azul
masculino;castanho;azul
masculino;castanho;azul
masculino;castanho;azul
masculino;castanho;azul
masculino;castanho;azul
masculino;castanho;azul
masculino;castanho;azul
masculino;castanho;azul
masculino;castanho;azul
masculino;castanho;castanho
masculino;castanho;castanho
masculino;castanho;castanho
masculino;castanho;castanho
masculino;castanho;castanho
masculino;castanho;castanho
masculino;castanho;castanho
masculino;castanho;verde
masculino;castanho;verde
masculino;castanho;verde
masculino;castanho;verde
masculino;castanho;verde
masculino;castanho;verde
masculino;castanho;verde
masculino;loiro;preto
masculino;loiro;preto
masculino;loiro;preto
masculino;loiro;azul
masculino;loiro;azul
masculino;loiro;azul
masculino;loiro;azul
masculino;loiro;azul
masculino;loiro;azul
masculino;loiro;azul
masculino;loiro;azul
masculino;loiro;azul
masculino;loiro;azul
masculino;loiro;azul
masculino;loiro;azul
masculino;loiro;azul
masculino;loiro;azul
masculino;loiro;azul
masculino;loiro;azul
masculino;loiro;azul
masculino;loiro;azul
masculino;loiro;azul
masculino;loiro;azul
masculino;loiro;azul
masculino;loiro;azul
masculino;loiro;azul
masculino;loiro;azul
masculino;loiro;azul
masculino;loiro;azul
masculino;loiro;azul
masculino;loiro;azul
masculino;loiro;azul
masculino;loiro;azul
masculino;loiro;castanho
masculino;loiro;castanho
masculino;loiro;castanho
masculino;loiro;castanho
masculino;loiro;castanho
masculino;loiro;verde
masculino;loiro;verde
masculino;loiro;verde
masculino;loiro;verde
masculino;loiro;verde
masculino;loiro;verde
masculino;loiro;verde
masculino;loiro;verde
feminino;preto;preto
feminino;preto;preto
feminino;preto;preto
feminino;preto;preto
feminino;preto;preto
feminino;preto;preto
feminino;preto;preto
feminino;preto;preto
feminino;preto;preto
feminino;preto;preto
feminino;preto;preto
feminino;preto;preto
feminino;preto;preto
feminino;preto;preto
feminino;preto;preto
feminino;preto;preto
feminino;preto;preto
feminino;preto;preto
feminino;preto;preto
feminino;preto;preto
feminino;preto;preto
feminino;preto;preto
feminino;preto;preto
feminino;preto;preto
feminino;preto;preto
feminino;preto;preto
feminino;preto;preto
feminino;preto;preto
feminino;preto;preto
feminino;preto;preto
feminino;preto;preto
feminino;preto;preto
feminino;preto;preto
feminino;preto;preto
feminino;preto;preto
feminino;preto;preto
feminino;preto;azul
feminino;preto;azul
feminino;preto;azul
feminino;preto;azul
feminino;preto;azul
feminino;preto;azul
feminino;preto;azul
feminino;preto;azul
feminino;preto;azul
feminino;preto;castanho
feminino;preto;castanho
feminino;preto;castanho
feminino;preto;castanho
feminino;preto;castanho
feminino;preto;verde
feminino;preto;verde
feminino;ruivo;preto
feminino;ruivo;preto
feminino;ruivo;preto
feminino;ruivo;preto
feminino;ruivo;preto
feminino;ruivo;preto
feminino;ruivo;preto
feminino;ruivo;preto
feminino;ruivo;preto
feminino;ruivo;preto
feminino;ruivo;preto
feminino;ruivo;preto
feminino;ruivo;preto
feminino;ruivo;preto
feminino;ruivo;preto
feminino;ruivo;preto
feminino;ruivo;preto
feminino;ruivo;preto
feminino;ruivo;preto
feminino;ruivo;preto
feminino;ruivo;preto
feminino;ruivo;preto
feminino;ruivo;preto
feminino;ruivo;preto
feminino;ruivo;preto
feminino;ruivo;preto
feminino;ruivo;preto
feminino;ruivo;preto
feminino;ruivo;preto
feminino;ruivo;preto
feminino;ruivo;preto
feminino;ruivo;preto
feminino;ruivo;preto
feminino;ruivo;preto
feminino;ruivo;preto
feminino;ruivo;preto
feminino;ruivo;preto
feminino;ruivo;preto
feminino;ruivo;preto
feminino;ruivo;preto
feminino;ruivo;preto
feminino;ruivo;preto
feminino;ruivo;preto
feminino;ruivo;preto
feminino;ruivo;preto
feminino;ruivo;preto
feminino;ruivo;preto
feminino;ruivo;preto
feminino;ruivo;preto
feminino;ruivo;preto
feminino;ruivo;preto
feminino;ruivo;preto
feminino;ruivo;preto
feminino;ruivo;preto
feminino;ruivo;preto
feminino;ruivo;preto
feminino;ruivo;preto
feminino;ruivo;preto
feminino;ruivo;preto
feminino;ruivo;preto
feminino;ruivo;preto
feminino;ruivo;preto
feminino;ruivo;preto
feminino;ruivo;preto
feminino;ruivo;preto
feminino;ruivo;preto
feminino;ruivo;azul
feminino;ruivo;azul
feminino;ruivo;azul
feminino;ruivo;azul
feminino;ruivo;azul
feminino;ruivo;azul
feminino;ruivo;azul
feminino;ruivo;azul
feminino;ruivo;azul
feminino;ruivo;azul
feminino;ruivo;azul
feminino;ruivo;azul
feminino;ruivo;azul
feminino;ruivo;azul
feminino;ruivo;azul
feminino;ruivo;azul
feminino;ruivo;azul
feminino;ruivo;azul
feminino;ruivo;azul
feminino;ruivo;azul
feminino;ruivo;azul
feminino;ruivo;azul
feminino;ruivo;azul
feminino;ruivo;azul
feminino;ruivo;azul
feminino;ruivo;azul
feminino;ruivo;azul
feminino;ruivo;azul
feminino;ruivo;azul
feminino;ruivo;azul
feminino;ruivo;azul
feminino;ruivo;azul
feminino;ruivo;azul
feminino;ruivo;azul
feminino;ruivo;castanho
feminino;ruivo;castanho
feminino;ruivo;castanho
feminino;ruivo;castanho
feminino;ruivo;castanho
feminino;ruivo;castanho
feminino;ruivo;castanho
feminino;ruivo;castanho
feminino;ruivo;castanho
feminino;ruivo;castanho
feminino;ruivo;castanho
feminino;ruivo;castanho
feminino;ruivo;castanho
feminino;ruivo;castanho
feminino;ruivo;castanho
feminino;ruivo;castanho
feminino;ruivo;castanho
feminino;ruivo;castanho
feminino;ruivo;castanho
feminino;ruivo;castanho
feminino;ruivo;castanho
feminino;ruivo;castanho
feminino;ruivo;castanho
feminino;ruivo;castanho
feminino;ruivo;castanho
feminino;ruivo;castanho
feminino;ruivo;castanho
feminino;ruivo;castanho
feminino;ruivo;castanho
feminino;ruivo;verde
feminino;ruivo;verde
feminino;ruivo;verde
feminino;ruivo;verde
feminino;ruivo;verde
feminino;ruivo;verde
feminino;ruivo;verde
feminino;ruivo;verde
feminino;ruivo;verde
feminino;ruivo;verde
feminino;ruivo;verde
feminino;ruivo;verde
feminino;ruivo;verde
feminino;ruivo;verde
feminino;castanho;preto
feminino;castanho;preto
feminino;castanho;preto
feminino;castanho;preto
feminino;castanho;preto
feminino;castanho;preto
feminino;castanho;preto
feminino;castanho;preto
feminino;castanho;preto
feminino;castanho;preto
feminino;castanho;preto
feminino;castanho;preto
feminino;castanho;preto
feminino;castanho;preto
feminino;castanho;preto
feminino;castanho;preto
feminino;castanho;azul
feminino;castanho;azul
feminino;castanho;azul
feminino;castanho;azul
feminino;castanho;azul
feminino;castanho;azul
feminino;castanho;azul
feminino;castanho;castanho
feminino;castanho;castanho
feminino;castanho;castanho
feminino;castanho;castanho
feminino;castanho;castanho
feminino;castanho;castanho
feminino;castanho;castanho
feminino;castanho;verde
feminino;castanho;verde
feminino;castanho;verde
feminino;castanho;verde
feminino;castanho;verde
feminino;castanho;verde
feminino;castanho;verde
feminino;loiro;preto
feminino;loiro;preto
feminino;loiro;preto
feminino;loiro;preto
feminino;loiro;azul
feminino;loiro;azul
feminino;loiro;azul
feminino;loiro;azul
feminino;loiro;azul
feminino;loiro;azul
feminino;loiro;azul
feminino;loiro;azul
feminino;loiro;azul
feminino;loiro;azul
feminino;loiro;azul
feminino;loiro;azul
feminino;loiro;azul
feminino;loiro;azul
feminino;loiro;azul
feminino;loiro;azul
feminino;loiro;azul
feminino;loiro;azul
feminino;loiro;azul
feminino;loiro;azul
feminino;loiro;azul
feminino;loiro;azul
feminino;loiro;azul
feminino;loiro;azul
feminino;loiro;azul
feminino;loiro;azul
feminino;loiro;azul
feminino;loiro;azul
feminino;loiro;azul
feminino;loiro;azul
feminino;loiro;azul
feminino;loiro;azul
feminino;loiro;azul
feminino;loiro;azul
feminino;loiro;azul
feminino;loiro;azul
feminino;loiro;azul
feminino;loiro;azul
feminino;loiro;azul
feminino;loiro;azul
feminino;loiro;azul
feminino;loiro;azul
feminino;loiro;azul
feminino;loiro;azul
feminino;loiro;azul
feminino;loiro;azul
feminino;loiro;azul
feminino;loiro;azul
feminino;loiro;azul
feminino;loiro;azul
feminino;loiro;azul
feminino;loiro;azul
feminino;loiro;azul
feminino;loiro;azul
feminino;loiro;azul
feminino;loiro;azul
feminino;loiro;azul
feminino;loiro;azul
feminino;loiro;azul
feminino;loiro;azul
feminino;loiro;azul
feminino;loiro;azul
feminino;loiro;azul
feminino;loiro;azul
feminino;loiro;castanho
feminino;loiro;castanho
feminino;loiro;castanho
feminino;loiro;castanho
feminino;loiro;castanho
feminino;loiro;verde
feminino;loiro;verde
feminino;loiro;verde
feminino;loiro;verde
feminino;loiro;verde
feminino;loiro;verde
feminino;loiro;verde
feminino;loiro;verde
